<ImportExportXml xmlns:xsi="http://www.w3.org/2001/XMLSchema-instance">
  <Entities></Entities>
  <Roles></Roles>
  <Workflows></Workflows>
  <FieldSecurityProfiles></FieldSecurityProfiles>
  <Templates />
  <EntityMaps />
  <EntityRelationships />
  <OrganizationSettings />
  <optionsets />
  <WebResources>
    <WebResource>
      <WebResourceId>{fe6d0038-f2e6-e411-80db-00155d2a68cb}</WebResourceId>
      <Name>sample_/Sdk.WebAPIPreview/Sdk.WebAPIPreview.js</Name>
      <DisplayName>sample_/Sdk.WebAPIPreview/Sdk.WebAPIPreview.js</DisplayName>
      <Description>A sample helper library that contains re-usable functions to perform operations using the web API preview.</Description>
      <WebResourceType>3</WebResourceType>
      <IntroducedVersion>1.0.0.0</IntroducedVersion>
      <IsEnabledForMobileClient>0</IsEnabledForMobileClient>
      <IsCustomizable>1</IsCustomizable>
      <CanBeDeleted>1</CanBeDeleted>
      <IsHidden>0</IsHidden>
      <FileName>/WebResources/sample_SdkWebAPIPreviewSdkWebAPIPreviewjsFE6D0038-F2E6-E411-80DB-00155D2A68CB</FileName>
    </WebResource>
    <WebResource>
      <WebResourceId>{8ec09d5d-f2e6-e411-80db-00155d2a68cb}</WebResourceId>
      <Name>sample_/Sdk.WebAPIPreview/Sample.htm</Name>
      <DisplayName>sample_/Sdk.WebAPIPreview/Sample.htm</DisplayName>
      <Description>The HTML page that the sample runs in.</Description>
      <WebResourceType>1</WebResourceType>
      <IntroducedVersion>1.0.0.0</IntroducedVersion>
      <IsEnabledForMobileClient>0</IsEnabledForMobileClient>
      <IsCustomizable>1</IsCustomizable>
      <CanBeDeleted>1</CanBeDeleted>
      <IsHidden>0</IsHidden>
      <FileName>/WebResources/sample_SdkWebAPIPreviewSamplehtm8EC09D5D-F2E6-E411-80DB-00155D2A68CB</FileName>
    </WebResource>
    <WebResource>
      <WebResourceId>{80975982-f2e6-e411-80db-00155d2a68cb}</WebResourceId>
      <Name>sample_/Sdk.WebAPIPreview/Sample.js</Name>
      <DisplayName>sample_/Sdk.WebAPIPreview/Sample.js</DisplayName>
      <Description>The JavaScript library that uses methods defined in Sdk.WebAPIPreview.js to perform operations using the web API preview.</Description>
      <WebResourceType>3</WebResourceType>
      <IntroducedVersion>1.0.0.0</IntroducedVersion>
      <IsEnabledForMobileClient>0</IsEnabledForMobileClient>
      <IsCustomizable>1</IsCustomizable>
      <CanBeDeleted>1</CanBeDeleted>
      <IsHidden>0</IsHidden>
      <FileName>/WebResources/sample_SdkWebAPIPreviewSamplejs80975982-F2E6-E411-80DB-00155D2A68CB</FileName>
    </WebResource>
    <WebResource>
      <WebResourceId>{41e4e1a5-f2e6-e411-80db-00155d2a68cb}</WebResourceId>
      <Name>sample_/Sdk.WebAPIPreview/Sdk.WebAPIPreviewSampleConfig.htm</Name>
      <DisplayName>sample_/Sdk.WebAPIPreview/Sdk.WebAPIPreviewSampleConfig.htm</DisplayName>
      <WebResourceType>1</WebResourceType>
      <IntroducedVersion>1.0.0.0</IntroducedVersion>
      <IsEnabledForMobileClient>0</IsEnabledForMobileClient>
      <IsCustomizable>1</IsCustomizable>
      <CanBeDeleted>1</CanBeDeleted>
      <IsHidden>0</IsHidden>
      <FileName>/WebResources/sample_SdkWebAPIPreviewSdkWebAPIPreviewSampleConfi41E4E1A5-F2E6-E411-80DB-00155D2A68CB</FileName>
    </WebResource>
  </WebResources>
  <Languages>
    <Language>1033</Language>
  </Languages>
</ImportExportXml>