<ImportExportXml xmlns:xsi="http://www.w3.org/2001/XMLSchema-instance">
  <Entities></Entities>
  <Roles></Roles>
  <Workflows></Workflows>
  <FieldSecurityProfiles></FieldSecurityProfiles>
  <Templates />
  <EntityMaps />
  <EntityRelationships />
  <OrganizationSettings />
  <optionsets />
  <WebResources>
    <WebResource>
      <WebResourceId>{de1d0697-c522-e511-80e5-c4346bc4beac}</WebResourceId>
      <Name>new_Kelvin.CrmPlayConfig.html</Name>
      <DisplayName>Kelvin.CrmPlayConfig.html</DisplayName>
      <LanguageCode>1033</LanguageCode>
      <WebResourceType>1</WebResourceType>
      <IntroducedVersion>1.0.0.0</IntroducedVersion>
      <IsEnabledForMobileClient>0</IsEnabledForMobileClient>
      <IsCustomizable>1</IsCustomizable>
      <CanBeDeleted>1</CanBeDeleted>
      <IsHidden>0</IsHidden>
      <FileName>/WebResources/new_KelvinCrmPlayConfightmlDE1D0697-C522-E511-80E5-C4346BC4BEAC</FileName>
    </WebResource>
    <WebResource>
      <WebResourceId>{2099a640-c722-e511-80e5-c4346bc4beac}</WebResourceId>
      <Name>new_SampleWebApi.html</Name>
      <DisplayName>SampleWebApi.html</DisplayName>
      <LanguageCode>1033</LanguageCode>
      <WebResourceType>1</WebResourceType>
      <IntroducedVersion>1.0.0.0</IntroducedVersion>
      <IsEnabledForMobileClient>0</IsEnabledForMobileClient>
      <IsCustomizable>1</IsCustomizable>
      <CanBeDeleted>1</CanBeDeleted>
      <IsHidden>0</IsHidden>
      <FileName>/WebResources/new_SampleWebApihtml2099A640-C722-E511-80E5-C4346BC4BEAC</FileName>
    </WebResource>
    <WebResource>
      <WebResourceId>{30fa2e9d-3c23-e511-80dd-c4346bc58784}</WebResourceId>
      <Name>new_Sdk.WebAPIPreview.js</Name>
      <DisplayName>Sdk.WebAPIPreview.js</DisplayName>
      <LanguageCode>1033</LanguageCode>
      <WebResourceType>3</WebResourceType>
      <IntroducedVersion>1.0.0.0</IntroducedVersion>
      <IsEnabledForMobileClient>0</IsEnabledForMobileClient>
      <IsCustomizable>1</IsCustomizable>
      <CanBeDeleted>1</CanBeDeleted>
      <IsHidden>0</IsHidden>
      <FileName>/WebResources/new_SdkWebAPIPreviewjs30FA2E9D-3C23-E511-80DD-C4346BC58784</FileName>
    </WebResource>
    <WebResource>
      <WebResourceId>{ea07aecb-3c23-e511-80dd-c4346bc58784}</WebResourceId>
      <Name>new_SampleWebApi.js</Name>
      <DisplayName>SampleWebApi.js</DisplayName>
      <LanguageCode>1033</LanguageCode>
      <WebResourceType>3</WebResourceType>
      <IntroducedVersion>1.0.0.0</IntroducedVersion>
      <IsEnabledForMobileClient>0</IsEnabledForMobileClient>
      <IsCustomizable>1</IsCustomizable>
      <CanBeDeleted>1</CanBeDeleted>
      <IsHidden>0</IsHidden>
      <FileName>/WebResources/new_SampleWebApijsEA07AECB-3C23-E511-80DD-C4346BC58784</FileName>
    </WebResource>
  </WebResources>
  <Languages>
    <Language>1033</Language>
  </Languages>
</ImportExportXml>