<ImportExportXml xmlns:xsi="http://www.w3.org/2001/XMLSchema-instance">
  <Entities></Entities>
  <Roles></Roles>
  <Workflows></Workflows>
  <FieldSecurityProfiles></FieldSecurityProfiles>
  <Templates />
  <EntityMaps />
  <EntityRelationships />
  <OrganizationSettings />
  <optionsets />
  <WebResources>
    <WebResource>
      <WebResourceId>{10c3cf4c-b473-e511-80ee-c4346bc59774}</WebResourceId>
      <Name>koo_/AddressAutoCompletion/AddressSuggestionBox.html</Name>
      <DisplayName>AddressSuggestionBox.html</DisplayName>
      <WebResourceType>1</WebResourceType>
      <IntroducedVersion>1.0</IntroducedVersion>
      <IsEnabledForMobileClient>0</IsEnabledForMobileClient>
      <IsCustomizable>1</IsCustomizable>
      <CanBeDeleted>1</CanBeDeleted>
      <IsHidden>0</IsHidden>
      <FileName>/WebResources/koo_AddressAutoCompletionAddressSuggestionBoxhtml10C3CF4C-B473-E511-80EE-C4346BC59774</FileName>
    </WebResource>
    <WebResource>
      <WebResourceId>{57e90881-4875-e511-80ef-c4346bc59774}</WebResourceId>
      <Name>koo_/AddressAutoCompletion/Kelvin.Common.js</Name>
      <DisplayName>Kelvin.Common.js</DisplayName>
      <WebResourceType>3</WebResourceType>
      <IntroducedVersion>1.0</IntroducedVersion>
      <IsEnabledForMobileClient>0</IsEnabledForMobileClient>
      <IsCustomizable>1</IsCustomizable>
      <CanBeDeleted>1</CanBeDeleted>
      <IsHidden>0</IsHidden>
      <FileName>/WebResources/koo_AddressAutoCompletionKelvinCommonjs57E90881-4875-E511-80EF-C4346BC59774</FileName>
    </WebResource>
    <WebResource>
      <WebResourceId>{21956245-2275-e511-80ee-c4346bc5c394}</WebResourceId>
      <Name>koo_/AddressAutoCompletion/AddressSuggestion.js</Name>
      <DisplayName>AddressSuggestion.js</DisplayName>
      <WebResourceType>3</WebResourceType>
      <IntroducedVersion>1.0</IntroducedVersion>
      <IsEnabledForMobileClient>0</IsEnabledForMobileClient>
      <IsCustomizable>1</IsCustomizable>
      <CanBeDeleted>1</CanBeDeleted>
      <IsHidden>0</IsHidden>
      <FileName>/WebResources/koo_AddressAutoCompletionAddressSuggestionjs21956245-2275-E511-80EE-C4346BC5C394</FileName>
    </WebResource>
  </WebResources>
  <Languages>
    <Language>1033</Language>
  </Languages>
</ImportExportXml>